,items
1,Stuffed Auberginea,Stuffed Auberginea,Stuffed Auberginea,Stuffed Auberginea,Stuffed Auberginea,Stuffed Auberginea,Stuffed Auberginea,Stuffed Auberginea,Stuffed Auberginea
2,Stuffed Auberginea,Stuffed Auberginea,Stuffed Auberginea,Stuffed Auberginea,Stuffed Auberginea,Stuffed Auberginea,Stuffed Auberginea,Stuffed Auberginea,Stuffed Auberginea
3,Stuffed Auberginea,Stuffed Auberginea,Stuffed Auberginea,Stuffed Auberginea,Stuffed Auberginea,Stuffed Auberginea,Stuffed Auberginea,Stuffed Auberginea,Stuffed Auberginea
4,Stuffed Auberginea,Stuffed Auberginea,Stuffed Auberginea,Stuffed Auberginea,Stuffed Auberginea,Stuffed Auberginea,Stuffed Auberginea,Stuffed Auberginea,Stuffed Auberginea
5,Stuffed Auberginea,Stuffed Auberginea,Stuffed Auberginea
6,Stuffed Auberginea,Stuffed Auberginea,Stuffed Auberginea
7,Stuffed Auberginea,Stuffed Auberginea,Stuffed Auberginea
8,Stuffed Auberginea,Stuffed Auberginea,Stuffed Auberginea,Stuffed Auberginea
9,Stuffed Auberginea,Stuffed Auberginea,Stuffed Auberginea,Stuffed Auberginea
10,Stuffed Auberginea,Stuffed Auberginea,Stuffed Auberginea,Stuffed Auberginea,Stuffed Auberginea,Stuffed Auberginea
11,Stuffed Auberginea,Stuffed Auberginea,Stuffed Auberginea,Stuffed Auberginea,Stuffed Auberginea,Stuffed Auberginea
12,The Healthy Fish
13,The Healthy Fish
14,Tequilla Wings 
15,Tequilla Wings 
16,Tequilla Wings 
17,Tequilla Wings 
18,The Healthy Fish
19,The Healthy Fish
20,Nachos
21,Nachos
22,Nachos
23,Nachos
24,Nachos
25,Nachos
26,Nachos
27,Nachos
28,Nachos
29,Nachos
30,Nachos
31,Nachos
32,Nachos
33,Stuffed Auberginea,Stuffed Auberginea,Stuffed Auberginea,Stuffed Auberginea,Stuffed Auberginea
34,Stuffed Auberginea,Stuffed Auberginea,Stuffed Auberginea,Stuffed Auberginea,Stuffed Auberginea
35,Stuffed Auberginea
36,Stuffed Auberginea,Stuffed Auberginea,Stuffed Auberginea,Stuffed Auberginea
37,Stuffed Auberginea,Stuffed Auberginea,Stuffed Auberginea,Stuffed Auberginea
38,Stuffed Auberginea,Stuffed Auberginea,Stuffed Auberginea,Stuffed Auberginea
39,Stuffed Auberginea,Stuffed Auberginea,Stuffed Auberginea,Stuffed Auberginea
40,Stuffed Auberginea,Stuffed Auberginea,Stuffed Auberginea,Stuffed Auberginea
41,Stuffed Auberginea,Stuffed Auberginea,Stuffed Auberginea,Stuffed Auberginea
